item_name,Phono_N,OLD,OLDF,PLD,PLDF,NPhon,NMorph,regularity,Length,Ortho_N,BG_Sum,BG_Mean,BG_Freq_By_Pos,US.FREQcount,US.CDcount,brookesIMG,corteseIMG,corteseAOA,AoA_Kup_lem,Voice,Nasal,Fricative,Liquid_SV,Bilabials,Labiodentals,Alveolars,Palatals,Velars,Glottals,UK.FREQcount,UK.cbeebies.FREQcount,UK.cbbc.FREQcount,UK.BNC.FREQcount,LogFreq.Zipf.,LogFreqCbeebies.Zipf.,LogFreqCBBC.Zipf.,LogFreqBNC.Zipf.,UK.CDcount,UK.cbeebies.CDcount,UK.cbbc.CDcount,Lg.US.FREQcount,Lg.US.CDcount,Lg.UK.FREQcount,Lg.UK.cbeebies.FREQcount,Lg.UK.cbbc.FREQcount,Lg.UK.BNC.FREQcount,Lg.UK.CDcount,Lg.UK.cbeebies.CDcount,Lg.UK.cbbc.CDcount
act,8,1.5,9.114,1,8.477,3,1,1,3,5,2603,1301.5,258,5565,3086,4,3.5,3.419354839,6.42,1,0,0,0,0,0,0,0,0,0,19642,146,2116,27467,4.99,4.4,5.19,5.44,10815,104,879,3.745543202,3.489536629,4.293207817,2.167317335,3.325720858,4.438827039,4.034066679,2.021189299,2.944482672
ask,1,1.5,9.058,1.55,8.689,3,1,0,3,4,1678,839,207,24640,7014,3.275862069,2.7,2.533333333,2.89,1,0,0,0,0,0,0,0,0,0,51658,2247,3296,19401,5.41,5.58,5.38,5.29,22810,1129,1856,4.391658329,3.846027675,4.713145995,3.351796307,3.518118947,4.2878465,4.358144325,3.053078443,3.268811904
both,14,1.65,8.274,1.25,8.413,3,1,0,4,4,2992,997.333,860,15062,6112,2.413793103,2.3,2.71875,4.772365,1,0,0,0,1,0,0,0,0,0,75205,1029,4725,68806,5.57,5.24,5.54,5.84,27363,723,2058,4.177911476,3.786254396,4.87625249,3.012837225,3.674493717,4.837632623,4.437179582,2.859738566,3.313656347
box,16,1.4,9.003,1.05,7.8,4,1,1,3,10,860,430,380,4577,2353,6.034482759,6.7,2.5,4.3,1,0,0,0,1,0,0,0,0,0,26693,1820,2200,8922,5.12,5.49,5.21,4.95,11267,676,995,3.660675788,3.371806459,4.426413656,3.260309946,3.342620043,3.950510893,4.051846838,2.830588669,2.998259338
broad,13,1.7,7.416,1.35,8.035,4,1,0,5,2,4189,1047.25,1348,751,527,2.931034483,3.3,4.6875,10.5,1,0,0,0,1,0,0,0,0,0,3354,24,89,5204,4.22,3.63,3.82,4.71,2459,13,66,2.876217841,2.722633923,3.525692525,1.397940009,1.954242509,3.716420734,3.390935107,1.146128036,1.826074803
bronze,4,2.05,7.166,1.85,7.265,5,1,1,6,0,7848,1569.6,1397,143,99,5.344827586,5.6,4.625,10,1,0,0,0,1,0,0,0,0,0,5119,17,136,1518,4.41,3.49,4,4.18,1761,5,71,2.158362492,2,3.709269961,1.255272505,2.136720567,3.181557774,3.246005904,0.77815125,1.857332496
calf,16,1.85,8.499,1.1,9.257,3,1,0,4,3,4968,1656,1239,151,108,5.724137931,6.5,3.6875,6.63,0,0,0,0,0,0,0,0,1,0,1744,25,162,648,3.94,3.65,4.08,3.81,659,13,75,2.181843588,2.037426498,3.241795431,1.414973348,2.212187604,2.812244697,2.819543936,1.146128036,1.880813592
can,27,1,9.817,1,9.552,3,1,1,3,15,5286,2643,1371,267620,8353,5.24137931,5.1,2.451612903,4.32,0,0,0,0,0,0,0,0,1,0,728539,35879,61863,236321,6.56,6.79,6.66,6.37,43248,4232,4653,5.427520189,3.921894471,5.862453401,4.554852434,4.791437997,5.373504153,4.63597607,3.626648268,3.667826379
care,27,1,8.735,1,9.965,3,1,0,4,24,9310,3103.333,2195,24748,6945,4.24137931,3.1,3.161290323,5.65,0,0,0,0,0,0,0,0,1,0,44115,580,2724,24905,5.34,5,5.3,5.39,16895,394,1469,4.393557656,3.841734779,4.644596128,2.764176132,3.435366507,4.396303984,4.227783901,2.596597096,3.167317335
carve,7,1.65,8.164,1.6,8.771,4,1,1,5,3,6886,1721.5,2072,158,135,4.034482759,4.8,4.3125,6.35,0,0,0,0,0,0,0,0,1,0,752,4,36,250,3.57,2.93,3.43,3.4,593,4,26,2.201397124,2.133538908,2.876794976,0.698970004,1.568201724,2.399673721,2.773786445,0.698970004,1.431363764
chance,5,1.75,7.572,1.7,7.247,4,1,0,6,2,9175,1835,1687,12303,5343,2.75862069,2.1,3.774193548,7.78,0,0,1,0,0,0,0,1,0,0,57576,441,4113,13309,5.46,4.88,5.48,5.12,23090,349,2189,4.090046322,3.727866449,4.760249033,2.645422269,3.614264287,4.124178055,4.363442741,2.544068044,3.340444115
cheat,20,1.7,8.385,1.45,8.292,3,1,1,5,4,9262,2315.5,1502,901,616,3.344827586,3.7,4.1,5.11,0,0,1,0,0,0,0,1,0,0,1499,23,371,419,3.87,3.61,4.43,3.62,1117,17,266,2.955206538,2.790285164,3.176091259,1.380211242,2.57054294,2.62324929,3.048441804,1.255272505,2.426511261
cheer,32,1.75,7.813,1.2,8.249,3,1,0,5,3,10298,2574.5,2421,953,733,4.862068966,4.6,3.548387097,5,0,0,1,0,0,0,0,1,0,0,4425,854,586,781,4.34,5.16,4.63,3.89,3159,426,409,2.979548375,2.86569606,3.64601141,2.931966115,2.768638101,2.893206753,3.499687083,2.630427875,2.612783857
chew,30,1.75,8.486,1.5,9.711,2,1,1,4,4,3575,1191.667,850,462,389,5.068965517,4.9,2.65625,4.05,0,0,1,0,0,0,0,1,0,0,1352,139,276,328,3.83,4.38,4.31,3.51,1007,49,196,2.665580991,2.591064607,3.131297797,2.146128036,2.442479769,2.517195898,3.003460532,1.698970004,2.294466226
child,6,1.85,7.986,1.85,6.792,4,1,0,5,3,4364,1091,1170,8040,3067,6.068965517,6.4,2.8125,5.14536,0,0,1,0,0,0,0,1,0,0,28117,47,922,24397,5.14,3.91,4.83,5.38,11436,35,536,3.905310062,3.486855355,4.448984427,1.681241237,2.965201701,4.387354227,4.058312121,1.556302501,2.729974286
choice,4,1.95,7.044,2,7.716,3,1,1,6,0,6985,1397,1328,4975,3095,2.827586207,2.6,3.65625,5.17,0,0,1,0,0,0,0,1,0,0,21372,280,1138,12098,5.03,4.68,4.92,5.08,12448,209,850,3.696880372,3.490800952,4.329865486,2.44870632,3.056523724,4.082749477,4.095134467,2.322219295,2.92992956
chop,16,1.45,8.045,1.4,8.427,3,1,1,4,7,3462,1154,1000,694,453,5.24137931,4.5,3.870967742,6.74,0,0,1,0,0,0,0,1,0,0,3986,353,438,561,4.3,4.78,4.51,3.75,1920,92,244,2.841984805,2.657055853,3.600646236,2.549003262,2.64246452,2.749736316,3.283527365,1.968482949,2.389166084
chose,18,1.55,8.487,1.75,8.501,3,1,0,5,6,5587,1396.75,1360,952,775,2.310344828,2.8,3.8125,4.74,0,0,1,0,0,0,0,1,0,0,5467,114,358,2850,4.43,4.29,4.42,4.45,4339,87,296,2.979092901,2.889861721,3.737828506,2.06069784,2.555094449,3.454997217,3.63748973,1.944482672,2.472756449
class,11,1.5,7.849,1.2,7.087,4,1,0,5,8,5621,1405.25,1293,5985,2445,5.24137931,5.6,3.0625,4.95,0,0,0,0,0,0,0,0,1,0,20816,377,2234,18149,5.01,4.81,5.21,5.26,9678,159,845,3.777136713,3.388456453,4.318418142,2.5774918,3.349277527,4.258876629,3.98583049,2.204119983,2.927370363
clean,9,1.7,7.826,1.45,7.93,4,1,1,5,3,9293,2323.25,1302,6183,3455,5.448275862,4.5,3.03125,3.89,0,0,0,0,0,0,0,0,1,0,18677,1622,1966,6512,4.97,5.44,5.16,4.81,10610,728,1119,3.791269481,3.538573734,4.271330371,3.21031852,3.29380436,3.813781078,4.025756315,2.862727528,3.049218023
clerk,7,1.9,7.423,1.8,7.278,4,1,0,5,1,10427,2606.75,1097,658,405,4.551724138,6.2,4.612903226,6.74,0,0,0,0,0,0,0,0,1,0,683,0,8,1952,3.53,2.23,2.82,4.29,506,0,3,2.818885415,2.608526034,2.835056102,0,0.954242509,3.290702243,2.705007959,0,0.602059991
club,3,1.85,7.274,1.75,7.337,4,1,1,4,1,1537,512.333,571,5038,2156,5.517241379,5.5,3.59375,5.89,0,0,0,0,0,0,0,0,1,0,25209,622,1032,16465,5.1,5.03,4.88,5.21,9003,117,438,3.702344358,3.333850145,4.401572846,2.794488047,3.014100322,4.216588111,3.954435486,2.071882007,2.64246452
coast,15,1.65,8.21,1.15,8.515,4,1,1,5,3,7910,1977.5,2601,1361,795,5.931034483,5.4,4.161290323,6.43,0,0,0,0,0,0,0,0,1,0,14755,35,471,4701,4.86,3.79,4.54,4.67,6761,27,303,3.134177108,2.900913068,4.168968647,1.556302501,2.673941999,3.672282625,3.830075166,1.447158031,2.482873584
cod,24,1,7.962,1,8.556,3,1,1,3,16,3008,1504,1887,114,70,5.620689655,4.3,5.1875,11.5,0,0,0,0,0,0,0,0,1,0,1576,8,91,382,3.89,3.19,3.83,3.58,591,6,40,2.06069784,1.851258349,3.197831693,0.954242509,1.963787827,2.583198774,2.772321707,0.84509804,1.612783857
cold,23,1.15,8.331,1,8.828,4,1,0,4,12,4100,1366.667,2295,6638,3509,4.965517241,4.2,2.5,3.95,0,0,0,0,0,0,0,0,1,0,25839,1228,1989,12220,5.11,5.32,5.16,5.08,12637,516,1035,3.822102669,3.545307116,4.412292509,3.089551883,3.298853076,4.087106744,4.101678351,2.713490543,3.015359755
comb,21,1.6,8.178,1,8.492,3,1,0,4,5,4120,1373.333,2479,309,221,6.24137931,6.4,3.1875,5.5,0,0,0,0,0,0,0,0,1,0,783,97,80,422,3.59,4.22,3.77,3.62,522,37,68,2.491361694,2.346352974,2.894316063,1.991226076,1.908485019,2.626340367,2.718501689,1.579783597,1.838849091
cook,13,1.25,7.942,1.15,8.985,3,1,0,4,11,3628,1209.333,2268,2324,1369,6.103448276,5.4,3.1,4.22,0,0,0,0,0,0,0,0,1,0,21727,1810,1143,3909,5.03,5.49,4.92,4.59,5013,252,373,3.366422957,3.136720567,4.337019753,3.25791845,3.058426024,3.592176757,3.70018433,2.403120521,2.572871602
cope,23,1,8.642,1,8.575,3,1,1,4,17,4887,1629,2233,166,150,2.931034483,2.5,5.161290323,9.44,0,0,0,0,0,0,0,0,1,0,6537,18,427,4188,4.51,3.51,4.5,4.62,4816,17,346,2.222716471,2.178976947,3.815444916,1.278753601,2.631443769,3.62211036,3.682776646,1.255272505,2.540329475
cost,12,1.4,8.343,1.25,8.027,4,1,1,4,9,6883,2294.333,2731,2801,1995,3.551724138,3.8,3.6875,5.67,0,0,0,0,0,0,0,0,1,0,29986,9,617,20615,5.17,3.23,4.66,5.31,13515,7,471,3.447468131,3.300160537,4.47693302,1,2.790988475,4.314204406,4.130848183,0.903089987,2.673941999
cough,8,1.7,7.884,1.35,8.688,3,1,0,5,6,4940,1235,2485,448,334,5.931034483,5.6,2.806451613,4.32,0,0,0,0,0,0,0,0,1,0,953,49,130,793,3.68,3.93,3.98,3.9,714,33,85,2.652246341,2.525044807,2.979548375,1.698970004,2.117271296,2.899820502,2.854306042,1.531478917,1.934498451
could,13,1.85,8.486,1.4,9.859,3,1,0,5,2,5512,1378,2434,83109,8233,2.137931034,1.7,3.322580645,4.32,0,0,0,0,0,0,0,0,1,0,375249,9549,23862,168392,6.27,6.21,6.24,6.22,41325,3239,4370,4.919653282,3.915610863,5.574320701,3.980003372,4.377725041,5.226324034,4.616223371,3.51054501,3.640580806
deal,27,1.05,8.466,1,8.33,3,1,1,4,16,7480,2493.333,1923,13330,5231,3.379310345,3,3.741935484,6,1,0,0,0,0,0,1,0,0,0,43913,138,1901,14442,5.34,4.37,5.14,5.16,18570,97,1218,4.124862728,3.718667735,4.642602998,2.1430148,3.279210513,4.159657411,4.26883529,1.991226076,3.086003706
death,9,1.85,8.289,1.5,9.336,3,1,0,5,1,9920,2480,2308,11051,4278,5.379310345,4.7,3.483870968,5.37,1,0,0,0,0,0,1,0,0,0,27948,3,1039,20526,5.14,2.83,4.88,5.31,12405,3,589,4.043440876,3.631342286,4.446366274,0.602059991,3.017033339,4.312325482,4.093631777,0.602059991,2.770852012
down,19,1.55,8.238,1.3,7.471,3,1,1,4,4,1439,479.667,485,76004,8161,4.620689655,4,2.35483871,4.93222,1,0,0,0,0,0,1,0,0,0,247982,7746,18621,96025,6.09,6.12,6.13,5.98,37907,2606,3834,4.880842163,3.91179659,5.39442191,3.889133556,4.270026322,4.982388839,4.578730872,3.416141031,3.583765368
draw,2,1.55,8.177,1.65,8.563,3,1,0,4,5,3732,1244,1081,2061,1354,5.103448276,5,2.633333333,4.11,1,0,0,0,0,0,1,0,0,0,14864,1733,1749,7398,4.87,5.47,5.11,4.87,7766,377,669,3.314288661,3.131939295,4.172164914,3.239049093,3.243038049,3.869173027,3.890253305,2.5774918,2.826074803
ease,11,1.4,8.407,1,9.679,2,1,0,4,6,5298,1766,777,974,718,1.965517241,2.6,4.40625,9.11,1,0,0,0,0,0,0,0,0,0,3443,83,197,3098,4.23,4.16,4.16,4.49,2865,79,173,2.989004616,2.85672889,3.537063143,1.924279286,2.29666519,3.491221576,3.457276186,1.903089987,2.240549248
eat,12,1,9.135,1,9.752,2,1,1,3,11,5996,2998,651,12846,4834,5.931034483,4.8,2.1875,2.78,1,0,0,0,0,0,0,0,0,0,32360,3170,5772,7549,5.21,5.73,5.63,4.88,12675,1318,1989,4.108801724,3.684396478,4.510021933,3.501196242,3.761401557,3.877946952,4.102982231,3.120244796,3.298853076
eye,7,1.45,9.145,1,10.394,1,1,0,3,8,418,209,70,5701,3216,6.75862069,6.7,2.2,3.75,1,0,0,0,0,0,0,0,0,0,27123,862,2490,9575,5.13,5.17,5.26,4.98,14948,488,1355,3.756027213,3.507451061,4.433353736,2.936010796,3.396373728,3.981184137,4.174612142,2.689308859,3.13225969
face,20,1.2,8.418,1,8.731,3,1,1,4,11,3524,1174.667,824,14747,5610,6.206896552,6.4,2.483870968,3.75,0,0,1,0,0,1,0,0,0,0,55804,1252,6710,34978,5.44,5.33,5.69,5.54,23716,644,2525,4.168733129,3.749040269,4.746673112,3.097951071,3.826787239,4.543807389,4.375059754,2.809559715,3.402433346
fact,11,1.55,8.455,1.25,8.408,4,1,1,4,5,3031,1010.333,735,8801,4369,3.034482759,2.6,3.633333333,6.47,0,0,1,0,0,1,0,0,0,0,57190,618,2983,36971,5.45,5.02,5.34,5.57,23839,448,1606,3.944581364,3.640481437,4.75732769,2.791690649,3.474798819,4.567872944,4.377306251,2.652246341,3.206015877
fade,25,1.35,8.463,1,8.824,3,1,1,4,11,4080,1360,803,286,205,3.827586207,4,4.566666667,6.95,0,0,1,0,0,1,0,0,0,0,1201,12,58,515,3.78,3.34,3.64,3.71,937,9,45,2.457881897,2.31386722,3.079904468,1.113943352,1.770852012,2.712649702,2.972202838,1,1.662757832
faith,11,1.95,8.365,1.4,8.769,3,1,1,5,0,4847,1211.75,1118,2363,1220,3.172413793,3.5,3.9375,7.62,0,0,1,0,0,1,0,0,0,0,9345,12,207,5280,4.67,3.34,4.18,4.72,4485,5,148,3.373647472,3.086715664,3.970625777,1.113943352,2.318063335,3.722716167,3.651859269,0.77815125,2.173186268
fall,35,1.3,8.273,1,9.744,3,1,0,4,12,5109,1703,1365,6044,3322,4.689655172,4.8,2.8125,4.71,0,0,1,0,0,1,0,0,0,0,20583,688,1611,11120,5.01,5.07,5.07,5.04,12699,440,1035,3.781396305,3.521530341,4.313529773,2.838219222,3.207365037,4.046143841,4.103803721,2.644438589,3.015359755
FALSE,3,2,8.039,1.75,8.914,4,1,0,5,0,5938,1484.5,1245,1078,826,3,2.7,3.71875,6.72,0,0,1,0,0,1,0,0,0,0,11727,35,1640,3684,4.76,3.79,5.08,4.56,3116,25,287,3.033021445,2.91750551,4.069223957,1.556302501,3.215108581,3.566437492,3.493736802,1.414973348,2.459392488
far,17,1,9.203,1.05,10.263,3,1,0,3,16,3393,1696.5,1261,11259,5187,3.448275862,3.5,2.65625,4.878935,0,0,1,0,0,1,0,0,0,0,82183,1674,4982,30499,5.61,5.46,5.56,5.48,29834,1157,2399,4.051538391,3.714999967,4.914787275,3.224014811,3.697490887,4.484299839,4.474726042,3.063708559,3.380211242
farm,5,1.55,8.617,1.6,8.841,4,1,1,4,6,3976,1325.333,1478,1532,731,5.896551724,6.2,3.0625,3.85,0,0,1,0,0,1,0,0,0,0,13079,883,549,6913,4.81,5.18,4.6,4.84,4604,317,220,3.185542155,2.864511081,4.116607744,2.946452265,2.740362689,3.839729375,3.663229635,2.50242712,2.344392274
fast,19,1.3,8.565,1.05,8.97,4,1,0,4,11,5445,1815,1437,7010,3808,4.862068966,3,2.8,3.738636,0,0,1,0,0,1,0,0,0,0,24850,1868,3248,7595,5.09,5.5,5.38,4.88,13458,1026,1703,3.845779967,3.580810973,4.395343869,3.271609301,3.511749711,3.880584956,4.129012793,3.011570444,3.23146959
fault,9,1.8,7.818,1.35,8.332,4,1,0,5,2,2302,575.5,628,5310,3101,2.965517241,2.1,3.466666667,6.94,0,0,1,0,0,1,0,0,0,0,11377,330,1081,3511,4.75,4.75,4.9,4.54,6986,239,737,3.725176301,3.491641793,4.056065929,2.519827994,3.034227261,3.545554507,3.844290743,2.380211242,2.868056362
fear,40,1.25,8.499,1,9.503,3,1,0,4,12,5351,1783.667,1368,3523,1912,4.275862069,2.9,3.15625,4.79,0,0,1,0,0,1,0,0,0,0,13899,241,1338,8991,4.84,4.61,4.99,4.95,8543,191,687,3.5470359,3.28171497,4.1430148,2.383815366,3.126780577,3.953856298,3.93166124,2.283301229,2.837588438
feel,35,1.4,8.311,1,8.927,3,1,1,4,9,3175,1058.333,551,31989,7265,3.862068966,2.9,3,5.11,0,0,1,0,0,1,0,0,0,0,107314,2399,7620,26396,5.73,5.61,5.75,5.42,30174,1230,2751,4.50501424,3.861295394,5.03066043,3.380211242,3.882011962,4.421554572,4.479647279,3.090258053,3.43964843
from,4,1.9,8.335,1.7,7.462,4,1,1,4,2,3738,1246,1177,103992,8306,2.137931034,2,3,4.441998,0,0,1,0,0,1,0,0,0,0,631971,8926,32607,413535,6.5,6.18,6.38,6.61,42220,3166,4464,5.017004107,3.91944421,5.800697837,3.950705535,4.513324162,5.616513323,4.625528515,3.500648063,3.649821463
front,2,1.8,7.529,1.75,7.561,5,1,0,5,2,10145,2536.25,1569,9259,4589,3.75862069,4.4,2.966666667,5.187988,0,0,1,0,0,1,0,0,0,0,53021,818,3093,15106,5.42,5.14,5.35,5.18,21808,515,1638,3.966610987,3.661812686,4.724456105,2.913283902,3.490520309,4.179178229,4.338635752,2.712649702,3.214578954
gain,37,1.35,8.299,1,9.116,3,1,1,4,9,8428,2809.333,939,700,587,2.827586207,2.8,3.9,7.11,1,0,0,0,0,0,0,0,1,0,4379,434,225,5218,4.34,4.87,4.22,4.72,3220,61,162,2.845718018,2.769377326,3.641474111,2.638489257,2.354108439,3.717587297,3.507990725,1.792391689,2.212187604
get,18,1.2,9.005,1.05,10.336,3,1,0,3,14,2565,1282.5,520,233772,8336,2.448275862,1.7,2.5,3.17,1,0,0,0,0,0,0,0,1,0,618803,18981,61679,99506,6.49,6.51,6.65,6,42255,3658,4611,5.36879435,3.921009801,5.791553112,4.278341969,4.790144365,4.997853633,4.625888384,3.563362409,3.663889299
give,6,1.5,8.346,1.65,9.085,3,1,0,4,7,3352,1117.333,586,59559,8088,3.75862069,2.8,2.4375,4.28,1,0,0,0,0,0,0,0,1,0,146245,5274,13960,45117,5.86,5.95,6.01,5.65,35509,2133,3737,4.774954689,3.907894835,5.165083996,3.722222464,4.144916527,4.65434984,4.550350672,3.329194415,3.572639297
glass,5,1.75,7.498,1.5,7.814,4,1,0,5,3,5478,1369.5,1112,3096,1841,6.172413793,6.5,3.161290323,4.47,1,0,0,0,0,0,0,0,1,0,16716,316,715,9856,4.92,4.73,4.72,4.99,7116,151,377,3.490941205,3.265289626,4.223158342,2.501059262,2.854913022,3.993744757,3.852296966,2.181843588,2.5774918
gloom,8,1.8,7.594,1.45,6.715,4,1,1,5,2,4048,1012,799,59,53,4.034482759,3.2,4.5625,9,1,0,0,0,0,0,0,0,1,0,808,2,28,976,3.6,2.71,3.33,3.99,728,2,24,1.77815125,1.73239376,2.907948522,0.477121255,1.462397998,2.989894564,2.862727528,0.477121255,1.397940009
good,10,1.4,8.18,1.5,9.248,3,1,0,4,8,1822,607.333,677,133117,8316,3.862068966,2.6,2.161290323,3.55,1,0,0,0,0,0,0,0,1,0,454018,15112,39563,80795,6.35,6.41,6.46,5.91,41630,3699,4388,5.124236784,3.919966701,5.657074028,4.179350682,4.597300193,4.907389861,4.619416843,3.568201724,3.642365581
grace,19,1.4,7.68,1,8.841,4,1,1,5,8,6954,1738.5,1773,2157,748,2.517241379,3.3,3.84375,7.287417,1,0,0,0,0,0,0,0,1,0,4398,102,356,2471,4.34,4.24,4.42,4.39,2166,31,130,3.33405144,2.874481818,3.643353962,2.012837225,2.552668216,3.393048466,3.335858911,1.505149978,2.117271296
grant,6,1.7,7.681,1.55,7.504,5,1,0,5,4,10359,2589.75,2000,1660,706,3.034482759,3.1,4.96875,12.008468,1,0,0,0,0,0,0,0,1,0,5390,28,193,7461,4.43,3.69,4.15,4.87,2865,19,117,3.220369632,2.849419414,3.731669332,1.462397998,2.28780173,3.872855245,3.457276186,1.301029996,2.071882007
guard,15,1.95,7.634,1.25,7.742,4,1,1,5,0,4407,1101.75,801,2968,1569,5.586206897,5.8,4.096774194,6.25,1,0,0,0,0,0,0,0,1,0,4262,109,438,3056,4.33,4.27,4.51,4.48,2870,53,289,3.472610198,3.195899652,3.629715333,2.041392685,2.64246452,3.485295439,3.458033192,1.73239376,2.462397998
guide,26,1.75,7.79,1,8.716,3,1,1,5,3,4260,1065,761,910,657,4.379310345,4,4.34375,7.11,1,0,0,0,0,0,0,0,1,0,9299,101,758,5944,4.66,4.24,4.74,4.77,4322,70,430,2.959518377,2.818225894,3.968482949,2.008600172,2.880241776,3.774151859,3.635785236,1.851258349,2.63447727
halt,12,1.4,8.396,1.3,8.03,4,1,0,4,9,4580,1526.667,1078,575,369,3.724137931,3.5,4.625,8.11,0,0,0,0,0,0,0,0,0,1,1743,21,96,1787,3.94,3.57,3.85,4.25,1488,19,80,2.760422483,2.568201724,3.241546481,1.342422681,1.986771734,3.252367514,3.172894698,1.301029996,1.908485019
hang,21,1.4,8.464,1,9.8,3,1,1,4,10,8547,2849,1439,7535,3879,5.206896552,4.4,3.21875,6.68,0,0,0,0,0,0,0,0,0,1,19529,1420,3172,3285,4.99,5.38,5.37,4.51,11654,818,1758,3.87714089,3.588831726,4.290702243,3.152594078,3.501470072,3.516667559,4.066512278,2.913283902,3.245265839
hate,26,1,8.59,1,9.297,3,1,1,4,16,9721,3240.333,1602,10944,4752,3.689655172,3,3.064516129,5.53,0,0,0,0,0,0,0,0,0,1,13152,70,1527,3097,4.81,4.08,5.05,4.49,7848,60,1000,4.039215766,3.676967814,4.11902482,1.851258349,3.184123354,3.491081413,3.894814329,1.785329835,3.000434077
have,16,1.2,8.345,1.1,9.481,3,1,0,4,12,3429,1143,891,314232,8363,2.931034483,1.9,2.666666667,3.72,0,0,0,0,0,0,0,0,0,1,1591281,31182,95819,473693,6.9,6.72,6.85,6.67,43725,4293,4664,5.497251792,3.922414024,6.20174715,4.493917895,4.981456167,5.675497884,4.64073975,3.63286204,3.668851648
head,28,1.15,8.737,1,9.413,3,1,0,4,13,4615,1538.333,1307,18947,6294,5.827586207,6.8,2.322580645,3.42,0,0,0,0,0,0,0,0,0,1,81979,1899,8248,37906,5.61,5.51,5.78,5.58,27128,1028,2870,4.277563376,3.798995734,4.913707914,3.278753601,3.916401304,4.578719415,4.433433786,3.012415375,3.458033192
heat,29,1.2,8.79,1,9.317,3,1,1,4,11,7745,2581.667,1416,2044,1315,5.034482759,3.9,3.0625,5.33,0,0,0,0,0,0,0,0,0,1,11727,208,1005,5957,4.76,4.55,4.87,4.77,5818,100,498,3.310693312,3.119255889,4.069223957,2.320146286,3.002597981,3.775100499,3.764848357,2.004321374,2.698100546
help,7,1.55,8.646,1.5,8.704,4,1,1,4,7,3566,1188.667,816,46977,7745,4.379310345,2.8,2.90625,3.65,0,0,0,0,0,0,0,0,0,1,112603,10867,11229,37976,5.75,6.27,5.91,5.58,32675,3094,3513,4.671894524,3.889077493,5.051553818,4.03614963,4.050379756,4.579520655,4.514228887,3.490660653,3.545801757
her,18,1.3,9.174,1.25,8.84,2,1,0,3,6,7911,3955.5,985,144627,8076,4.103448276,3.5,2.35483871,5.092075,0,0,0,0,0,0,0,0,0,1,355000,7546,27494,327014,6.25,6.11,6.3,6.51,33828,2088,3546,5.160252381,3.907250083,5.550229576,3.87777435,4.439253724,5.514567674,4.52928916,3.31993844,3.549861188
his,25,1.4,8.693,1,9.574,3,1,0,3,6,3845,1922.5,976,108364,8186,4,2.6,2.580645161,3.685351,0,0,0,0,0,0,0,0,0,1,502568,8834,24751,433599,6.4,6.18,6.26,6.63,39497,2552,3955,5.034889035,3.91312479,5.701195696,3.946206554,4.393610296,5.637089274,4.596575105,3.407050815,3.597256283
hit,31,1,9.736,1,9.433,3,1,1,3,15,3263,1631.5,397,14025,5092,5.827586207,4.4,2.483870968,4.75,0,0,0,0,0,0,0,0,0,1,41043,588,2897,9953,5.31,5,5.33,5,18418,399,1563,4.146933835,3.706973676,4.613249679,2.770115295,3.462098381,3.997997636,4.265266048,2.602059991,3.194236749
house,11,1.6,7.677,1.65,8.088,3,1,0,5,5,6368,1592,1449,26214,6040,6.551724138,NA,NA,3.16,0,0,0,0,0,0,0,0,0,1,135288,3746,4286,50926,5.83,5.8,5.5,5.7,24665,1065,1606,4.418549862,3.781108836,5.131262487,3.573683693,3.632153484,4.706948094,4.392098727,3.027757205,3.206015877
hurt,21,1.65,8.26,1.2,8.641,3,1,1,4,5,2647,882.333,922,12564,5123,5,3.6,2.774193548,4,0,0,0,0,0,0,0,0,0,1,13341,541,1525,4581,4.82,4.96,5.05,4.66,7836,360,1047,4.099162493,3.709609121,4.125220936,2.733999287,3.183554534,3.661055085,3.894149847,2.557507202,3.020361283
ice,15,1.45,8.963,1,9.472,2,1,1,3,4,3939,1969.5,73,4057,1974,5.965517241,6.3,2.451612903,3.86,1,0,0,0,0,0,0,0,0,0,19301,2001,3205,4046,4.98,5.53,5.37,4.6,6583,523,888,3.608312043,3.2955671,4.285602311,3.301464073,3.505963518,3.607133204,3.818489822,2.719331287,2.948901761
job,19,1.2,8.719,1.45,7.626,3,1,0,3,14,503,251.5,220,21063,5983,4.724137931,4.3,3.096774194,5.39,1,0,0,0,0,0,0,1,0,0,81108,2555,5339,22891,5.6,5.64,5.59,5.36,25876,1068,2240,4.323540846,3.776991585,4.909069047,3.407560849,3.727541257,4.359683737,4.412913926,3.028977705,3.350441857
join,9,1.75,8.492,1.6,7.256,3,1,1,4,3,7389,2463,642,4255,2707,4,3,3.59375,5.83,1,0,0,0,0,0,0,1,0,0,25374,2205,2228,7475,5.1,5.57,5.21,4.87,15095,1256,1405,3.629001619,3.43264866,4.404406051,3.343605508,3.348110068,3.873669293,4.178861887,3.099335278,3.147985321
keep,24,1.5,8.245,1,8.273,3,1,1,4,9,2442,814,395,35846,7569,2.689655172,2.8,3,4.42,0,0,0,0,0,0,0,0,1,0,106457,4057,10961,27813,5.72,5.84,5.9,5.44,32347,1990,3556,4.554452816,3.87909588,5.027178303,3.608312043,4.039889798,4.44426345,4.509847434,3.29907126,3.551083865
land,16,1.2,8.617,1,8.597,4,1,1,4,11,7264,2421.333,1468,4494,2074,5.482758621,6,3.09375,5.22,1,0,0,1,0,0,1,0,0,0,30529,1134,1509,21334,5.18,5.29,5.04,5.33,12218,646,899,3.652729696,3.317018101,4.484726804,3.054995862,3.178976947,4.329092647,4.087035665,2.810904281,2.954242509
large,5,1.85,7.861,1.8,7.694,4,1,1,5,2,6501,1625.25,1665,2114,1480,4.448275862,4.1,3,5.74,1,0,0,1,0,0,1,0,0,0,25532,407,962,33771,5.1,4.84,4.85,5.53,14056,277,664,3.325310372,3.170555059,4.407101845,2.610660163,2.983626287,4.528556781,4.147892645,2.444044796,2.822821645
lark,8,1.4,8.42,1.4,8.561,4,1,1,4,9,5254,1751.333,1406,83,54,3.551724138,4.3,5.774193548,11.82,1,0,0,1,0,0,1,0,0,0,669,15,32,250,3.52,3.44,3.38,3.4,469,12,28,1.924279286,1.740362689,2.826074803,1.204119983,1.51851394,2.399673721,2.672097858,1.113943352,1.462397998
last,26,1.15,8.478,1,8.22,4,1,0,4,14,7036,2345.333,1462,36878,7731,3.413793103,3,3.322580645,4.346085,1,0,0,1,0,0,1,0,0,0,189843,2287,9937,72182,5.97,5.59,5.86,5.86,37048,1508,3498,4.566779136,3.888291845,5.278396876,3.35945602,3.997298992,4.858434928,4.56877649,3.17868924,3.543943942
laugh,16,1.95,7.446,1.05,8.425,3,1,0,5,0,3279,819.75,709,3206,1932,6,4.9,2.53125,3.79,1,0,0,1,0,0,1,0,0,0,11958,935,1318,3807,4.77,5.2,4.98,4.58,7573,616,905,3.50609896,3.286231854,4.077694866,2.971275849,3.120244796,3.58069694,3.879325301,2.790285164,2.957128198
learn,18,1.8,8.263,1.5,8.403,3,1,0,5,1,8669,2167.25,1512,6047,3414,3.75862069,2.9,2.90625,4.44,1,0,0,1,0,0,1,0,0,0,20520,1044,2887,8305,5.01,5.25,5.32,4.92,12133,617,1441,3.781611782,3.533390708,4.31219852,3.01911629,3.460597189,3.919391927,4.084003991,2.790988475,3.15896526
less,18,1.55,8.295,1.15,9.049,3,1,1,4,8,9476,3158.667,1000,5666,3527,2.793103448,2.7,3.290322581,3.95,1,0,0,1,0,0,1,0,0,0,41351,237,1632,35672,5.31,4.61,5.08,5.55,20188,140,1164,3.753353213,3.547528576,4.616496519,2.376576957,3.212986185,4.552339634,4.305114808,2.149219113,3.066325925
long,12,1.5,8.42,1.2,8.74,3,1,1,4,7,9994,3331.333,1705,34433,7581,4.482758621,3.6,3.0625,4.239515,1,0,0,1,0,0,1,0,0,0,128115,3522,7555,51479,5.8,5.78,5.74,5.71,35032,1837,3125,4.536987475,3.87978378,5.107603371,3.546912643,3.878291949,4.711638538,4.544477329,3.264345507,3.494988974
look,18,1.4,8.171,1.1,9.336,3,1,0,4,11,2624,874.667,807,99311,8290,4.482758621,3.9,2.53125,4.05,1,0,0,1,0,0,1,0,0,0,340978,23936,30626,54366,6.23,6.61,6.35,5.73,40720,4048,4346,4.997001728,3.918606915,5.532727633,4.37906972,4.486104459,4.735335369,4.609818435,3.607347777,3.63818964
love,9,1.15,8.458,1.35,9.052,3,1,0,4,12,3911,1303.667,758,56864,7377,5,4,2.35483871,5.17,1,0,0,1,0,0,1,0,0,0,151607,8028,11640,23459,5.88,6.14,5.93,5.37,28953,2712,3135,4.754845043,3.867938651,5.180722119,3.904661458,4.065990289,4.370328008,4.46170857,3.433449794,3.496376054
man,29,1,10.539,1,10.72,3,1,1,3,16,5163,2581.5,1372,94133,8054,6.275862069,6.2,2.34375,3.11,1,1,0,0,1,0,0,0,0,0,145147,2051,7302,62098,5.86,5.54,5.73,5.79,30851,701,2652,4.973746513,3.906065545,5.161811056,3.312177356,3.863501301,4.793084607,4.489283323,2.846337112,3.42373725
match,20,1.55,7.756,1.3,8.459,3,1,1,5,8,7617,1904.25,1681,2521,1557,4.892857143,5.1,3.40625,5.72,1,1,0,0,1,0,0,0,0,0,26788,478,1073,9593,5.12,4.91,4.9,4.98,9335,237,701,3.401745082,3.192567453,4.427956502,2.680335513,3.031004281,3.981999714,3.970160843,2.376576957,2.846337112
mend,17,1.3,8.802,1.2,8.635,4,1,1,4,11,7319,2439.667,1364,133,104,4.862068966,3.7,4.935483871,9.11,1,1,0,0,1,0,0,0,0,0,972,201,42,341,3.68,4.54,3.5,3.53,752,105,41,2.127104798,2.021189299,2.98811284,2.305351369,1.633468456,2.534026106,2.876794976,2.025305865,1.62324929
monk,11,1.7,8.469,1.4,7.398,4,1,0,4,5,5856,1952,1644,376,150,5.517241379,5.9,4.65625,10.29,1,1,0,0,1,0,0,0,0,0,849,6,62,633,3.63,3.08,3.66,3.8,445,4,25,2.57634135,2.178976947,2.929418926,0.84509804,1.799340549,2.802089258,2.649334859,0.698970004,1.414973348
month,2,1.8,8.642,1.9,8.684,4,1,0,5,2,9911,2477.75,2268,4854,2895,3.310344828,4.4,3.032258065,5.79,1,1,0,0,1,0,0,0,0,0,24219,34,707,15011,5.08,3.78,4.71,5.17,12501,26,511,3.686189234,3.461798558,4.384174139,1.544068044,2.850033258,4.176438556,4.096979495,1.431363764,2.709269961
mood,25,1.35,8.239,1,8.753,3,1,1,4,9,2425,808.333,971,1736,1288,3.689655172,3.2,3.9375,6.58,1,1,0,0,1,0,0,0,0,0,6407,160,370,3289,4.5,4.44,4.43,4.51,4838,125,297,3.239799818,3.110252917,3.806722503,2.206825876,2.56937391,3.517195898,3.684755622,2.100370545,2.474216264
mould,17,1.8,8.676,1,9.413,4,1,0,5,3,4003,1000.75,1141,37,27,5.068965517,NA,NA,11.33,1,1,0,0,1,0,0,0,0,0,2198,37,190,1017,4.04,3.81,4.15,4.01,1266,10,94,1.579783597,1.447158031,3.342225229,1.579783597,2.281033367,3.007747778,3.102776615,1.041392685,1.977723605
move,11,1.35,8.397,1.4,8.665,3,1,0,4,9,3406,1135.333,926,21325,6041,4.655172414,3.2,2.967741935,4.62,1,1,0,0,1,0,0,0,0,0,61657,2167,5849,20427,5.49,5.57,5.63,5.31,24474,1118,2309,4.328909405,3.781180721,4.789989433,3.336059278,3.767155866,4.310225849,4.3887227,3.048830087,3.36361198
noise,10,1.7,7.85,1.7,7.869,3,1,0,5,4,5939,1484.75,950,1779,1252,4.24137931,3.9,2.8125,4.5,1,1,0,0,0,0,0,0,0,0,12039,2089,1439,4656,4.78,5.55,5.02,4.67,6160,877,770,3.250420002,3.097951071,4.080626487,3.320146286,3.158362492,3.668106238,3.789651209,2.943494516,2.887054378
nor,29,1.6,8.954,1,9.653,3,1,0,3,5,3553,1776.5,971,1835,1112,2,1.5,5.35483871,8.608885,1,1,0,0,0,0,0,0,0,0,5093,162,306,12470,4.4,4.44,4.35,5.09,3888,78,176,3.263872677,3.046495164,3.707058941,2.212187604,2.487138375,4.095901279,3.589837943,1.897627091,2.247973266
now,20,1.05,8.721,1.15,7.745,2,1,1,3,15,1485,742.5,431,163333,8350,3.310344828,1.9,2.580645161,5.25193,1,1,0,0,0,0,0,0,0,0,549611,24025,46461,137814,6.44,6.61,6.53,6.14,43111,4149,4605,5.213076598,3.921738484,5.740056206,4.380681473,4.6670979,5.139296489,4.634598171,3.618048097,3.663323934
nurse,10,1.8,8.113,1.65,8.049,3,1,1,5,3,5125,1281.25,1133,2294,1099,6.206896552,6.4,3.40625,5.84,1,1,0,0,0,0,0,0,0,0,6339,433,230,3402,4.5,4.87,4.23,4.53,2877,73,132,3.36078269,3.041392685,3.802089258,2.63748973,2.36361198,3.531861949,3.45909079,1.86923172,2.123851641
part,14,1,8.444,1.05,8.524,4,1,1,4,14,5066,1688.667,1908,13337,5604,3,3.3,3.375,5.11,0,0,0,0,1,0,0,0,0,0,94441,1004,4374,50467,5.67,5.23,5.51,5.7,30149,723,2259,4.125090713,3.748575617,4.975165176,3.002166062,3.640978057,4.703016094,4.479287316,2.859738566,3.354108439
pink,11,1.15,7.973,1.15,8.042,4,1,1,4,14,8002,2667.333,901,1452,812,6.655172414,5.4,2.40625,3.8,0,0,0,0,1,0,0,0,0,0,12622,1209,1241,3358,4.8,5.31,4.96,4.52,4584,499,557,3.162265614,2.910090546,4.101162582,3.08278537,3.094121596,3.526210004,3.66133934,2.698970004,2.746634199
pint,6,1.15,8.237,1.7,8.617,4,1,0,4,10,10734,3578,1222,167,122,5.965517241,5.2,4.5625,8.37,0,0,0,0,1,0,0,0,0,0,2804,22,107,1235,4.14,3.59,3.9,4.09,1825,6,48,2.225309282,2.089905111,3.447932866,1.361727836,2.033423755,3.092018471,3.261500773,0.84509804,1.69019608
plant,5,1.55,7.914,1.6,8.003,5,1,0,5,4,9297,2324.25,1590,1408,831,6.172413793,6.3,3.25,3.95,0,0,0,0,1,0,0,0,0,0,12965,1025,642,8164,4.81,5.24,4.67,4.91,4894,318,310,3.148910993,2.920123326,4.112806017,3.011147361,2.808210973,3.911956189,3.689752696,2.503790683,2.492760389
plus,6,1.75,7.686,1.65,7.861,4,1,1,4,2,2826,942,621,2399,1619,3.379310345,3,3.096774194,6.370915,0,0,0,0,1,0,0,0,0,0,12168,45,781,7921,4.78,3.89,4.76,4.9,7525,36,615,3.380211242,3.209515015,4.085254891,1.662757832,2.893206753,3.898834838,3.876564214,1.568201724,2.789580712
posh,13,1.55,7.913,1.4,7.98,3,1,1,4,9,3215,1071.667,822,65,50,4.586206897,1.8,5.96875,11.88,0,0,0,0,1,0,0,0,0,0,3947,62,323,415,4.29,4.03,4.37,3.62,2493,17,212,1.819543936,1.707570176,3.596377144,1.799340549,2.51054501,2.619093331,3.396896449,1.255272505,2.328379603
pure,1,1.4,7.934,1.75,8.597,4,1,0,4,9,6292,2097.333,1204,1271,952,3.172413793,3.7,4.03125,7.95,0,0,0,0,1,0,0,0,0,0,4555,24,221,3394,4.35,3.63,4.21,4.53,3421,24,190,3.104487111,2.979092901,3.658583715,1.397940009,2.346352974,3.530839779,3.534280005,1.397940009,2.281033367
put,17,1.05,8.587,1.05,8.843,3,1,0,3,15,1338,669,574,42251,7840,2.586206897,2.2,2.90625,3.72,0,0,0,0,1,0,0,0,0,0,195594,7489,12825,59635,5.99,6.11,5.97,5.77,37042,2389,3650,4.625847271,3.894371454,5.291357749,3.874481818,4.108091236,4.775508506,4.568706152,3.378397901,3.562411833
range,9,1.65,7.6,1.7,7.477,4,1,0,5,0,11723,2930.75,1621,1161,736,2.931034483,3.5,4.4375,7.11,1,0,0,1,0,0,1,0,0,0,12664,36,385,20427,4.8,3.8,4.45,5.31,8096,28,320,3.065206128,2.867467488,4.102605194,1.568201724,2.586587305,4.310225849,3.908324139,1.462397998,2.506505032
rash,21,1.25,8.166,1,8.324,3,1,1,4,11,5857,1952.333,881,410,291,5.172413793,5.5,3.65625,5.78,1,0,0,1,0,0,1,0,0,0,825,27,58,445,3.61,3.68,3.64,3.65,628,7,48,2.613841822,2.465382851,2.916980047,1.447158031,1.770852012,2.649334859,2.798650645,0.903089987,1.69019608
reach,21,1.45,7.946,1.25,8.502,3,1,1,5,8,9338,2334.5,2799,2903,1993,4,4.3,3.21875,4.89,1,0,0,1,0,0,1,0,0,0,13080,475,1070,8126,4.81,4.91,4.89,4.91,9135,285,696,3.462996612,3.299725154,4.116640946,2.677606953,3.029789471,3.90993026,3.960756091,2.456366033,2.843232778
real,1,1.15,8.618,1.85,7.787,4,1,0,4,14,9421,3140.333,2432,22583,6453,2.517241379,NA,NA,4.95,1,0,0,1,0,0,1,0,0,0,68410,1321,5226,23180,5.53,5.35,5.58,5.36,26374,773,2400,4.353800865,3.809828961,4.835125939,3.121231455,3.7182525,4.365132167,4.421192468,2.888740961,3.38039216
rear,38,1.1,8.434,1,8.947,3,1,0,4,16,9322,3107.333,2630,634,458,4,4.5,3.8125,6.89,1,0,0,1,0,0,1,0,0,0,3468,23,132,2746,4.24,3.61,3.99,4.44,1969,21,107,2.802773725,2.661812686,3.5402043,1.380211242,2.123851641,3.438858659,3.294466226,1.342422681,2.033423755
rent,19,1.2,8.407,1,8.706,4,1,1,4,15,11376,3792,2427,1762,1062,3.931034483,4,4.612903226,8.89,1,0,0,1,0,0,1,0,0,0,6815,1,118,3479,4.53,2.53,3.94,4.54,2809,1,58,3.246252312,3.026533265,3.833529582,0.301029996,2.075546961,3.541579244,3.44870632,0.301029996,1.770852012
rinse,7,1.95,7.876,1.6,8.106,4,1,1,5,0,13656,3414,1454,120,101,4.965517241,4,3.5625,4.95,1,0,0,1,0,0,1,0,0,0,380,46,40,337,3.28,3.9,3.48,3.53,309,27,33,2.08278537,2.008600172,2.580924976,1.672097858,1.612783857,2.5289167,2.491361694,1.447158031,1.531478917
roast,15,1.75,8.117,1.1,9.03,4,1,0,5,4,7580,1895,1123,499,362,5.344827586,5.7,4.129032258,8.5,1,0,0,1,0,0,1,0,0,0,3083,28,214,551,4.18,3.69,4.2,3.74,1312,21,130,2.698970004,2.559906625,3.489114369,1.462397998,2.33243846,2.741939078,3.118264726,1.342422681,2.117271296
saw,20,1.1,8.652,1,9.368,2,1,0,3,15,962,481,409,20527,6419,4.793103448,3.9,2.806451613,5.3585,0,0,1,0,0,0,1,0,0,0,50895,1304,2804,26737,5.4,5.35,5.31,5.42,22794,806,1653,4.312346639,3.807535028,4.706683652,3.115610512,3.447932866,4.427128919,4.357839597,2.906873535,3.218535505
scarce,2,1.95,8.102,1.85,8.385,5,1,0,6,0,7709,1541.8,1136,87,82,2.137931034,3,5.451612903,10.53,0,0,1,0,0,0,1,0,0,0,651,0,22,745,3.51,2.23,3.23,3.87,579,0,20,1.944482672,1.919078092,2.814247596,0,1.361727836,2.872738827,2.763427994,0,1.322219295
scold,5,1.85,8.143,1.7,7.933,5,1,0,5,1,4977,1244.25,677,67,52,5.068965517,3.9,3.9,8.53,0,0,1,0,0,0,1,0,0,0,42,0,2,60,2.33,2.23,2.34,2.78,35,0,2,1.832508913,1.72427587,1.633468456,0,0.477121255,1.785329835,1.556302501,0,0.477121255
sense,14,1.8,8.233,1.2,9.431,4,1,1,5,2,9734,2433.5,1753,6722,3839,2.862068966,2.8,4.387096774,7.32,0,0,1,0,0,0,1,0,0,0,34555,734,1537,21935,5.23,5.1,5.05,5.34,16825,207,1017,3.827563111,3.584331224,4.538523465,2.866287339,3.186956335,4.341157437,4.225980885,2.318063335,3.007747778
shall,12,1.65,7.993,1.25,7.783,3,1,1,5,6,7121,1780.25,1218,9441,3061,1.655172414,2,4.46875,8.42,0,0,1,0,0,0,0,1,0,0,35743,3139,3397,20234,5.25,5.73,5.4,5.3,15780,1480,1829,3.975063996,3.486005186,4.553203151,3.496929648,3.531223375,4.306103209,4.19813452,3.170555059,3.26245109
share,30,1.1,8.021,1,10.032,3,1,0,5,15,9947,2486.75,1798,3545,2346,3.655172414,3.2,2.65625,4.84,0,0,1,0,0,0,0,1,0,0,16904,598,816,13546,4.92,5.01,4.78,5.13,10585,333,584,3.549738731,3.37051309,4.228015175,2.777426822,2.912222057,4.131843131,4.02473189,2.523746467,2.767155866
she,23,1.6,8.784,1,9.436,2,1,1,3,4,3044,1522,754,190377,8126,4.034482759,3.8,2.15625,3.568124,0,0,1,0,0,0,0,1,0,0,524565,12151,43770,380284,6.42,6.32,6.51,6.58,35099,2424,3815,5.27961676,3.90993026,5.719800138,4.084647761,4.641186469,5.580109195,4.545307116,3.384711743,3.581608366
short,8,1.45,8.12,1.5,8.422,4,1,0,5,7,6246,1561.5,1227,4367,2823,4.620689655,4.5,2.9375,4.32,0,0,1,0,0,0,0,1,0,0,26871,303,1362,18652,5.13,4.71,5,5.27,15736,197,942,3.64028263,3.450864692,4.429299991,2.482873584,3.134495856,4.27074869,4.196921945,2.29666519,2.974511693
shout,13,1.55,8.169,1.45,8.07,3,1,1,5,6,5106,1276.5,1021,839,461,5.24137931,3.8,3.09375,4.72,0,0,1,0,0,0,0,1,0,0,5415,621,696,1478,4.43,5.02,4.71,4.17,3832,360,497,2.924279286,2.664641976,3.733678656,2.793790385,2.843232778,3.169968174,3.583538819,2.557507202,2.697229343
show,32,1.25,8.075,1,10.028,2,1,0,4,10,3175,1058.333,936,24906,6630,4.793103448,4,2.90625,6.21,0,0,1,0,0,0,0,1,0,0,119606,7697,13584,26745,5.77,6.12,6,5.42,31381,2110,3352,4.396321421,3.821579028,5.077756597,3.886377907,4.133059643,4.42725884,4.496680618,3.324488233,3.525433553
skate,12,1.7,8.023,1.35,7.959,4,1,1,5,2,8916,2229,1126,301,123,5.896551724,5.9,3.34375,5.37,0,0,1,0,0,0,1,0,0,0,819,206,200,128,3.61,4.55,4.17,3.11,376,64,75,2.480006943,2.093421685,2.913813852,2.315970345,2.303196057,2.11058971,2.57634135,1.812913357,1.880813592
skill,13,1.6,7.844,1.15,8.768,4,1,1,5,5,3701,925.25,597,404,327,2.965517241,2.8,4.25,6.8,0,0,1,0,0,0,1,0,0,0,5036,77,682,3509,4.4,4.12,4.7,4.54,3530,69,456,2.607455023,2.515873844,3.702171951,1.892094603,2.834420704,3.545307116,3.547897718,1.84509804,2.6599162
staff,8,1.85,7.742,1.45,7.916,4,1,0,5,2,6077,1519.25,1145,1632,987,5,4.6,4.451612903,10,0,0,1,0,0,0,1,0,0,0,17945,25,403,22723,4.95,3.65,4.47,5.35,8728,12,284,3.212986185,2.994756945,4.253967663,1.414973348,2.606381365,4.356484781,3.940964493,1.113943352,2.45484486
stay,8,1.35,8.202,1.1,8.078,3,1,1,4,8,5865,1955,1069,26298,6834,3,2.6,2.967741935,4.22,0,0,1,0,0,0,1,0,0,0,49372,1874,5010,12516,5.39,5.5,5.56,5.1,22151,1020,2394,4.419939235,3.834738519,4.693489517,3.273001272,3.699924403,4.097500252,4.345412943,3.009025742,3.379305518
stood,8,1.9,7.911,1.65,7.83,4,1,0,5,2,6392,1598,1114,1315,996,4.172413793,4.3,3.71875,4.39,0,0,1,0,0,0,1,0,0,0,8550,112,348,13265,4.63,4.28,4.41,5.12,6473,91,308,3.119255889,2.998695158,3.932016906,2.053078443,2.542825427,4.122739993,3.811172695,1.963787827,2.489958479
stop,9,1.5,8.151,1.3,8.586,4,1,1,4,5,5682,1894,1091,36071,7421,4.965517241,4.5,2.233333333,2.89,0,0,1,0,0,0,1,0,0,0,71653,3681,9479,15183,5.55,5.8,5.84,5.18,26969,1775,3273,4.557170222,3.87052095,4.855240439,3.566083784,3.976808337,4.181386195,4.430880946,3.249442961,3.515078675
store,10,1.15,7.922,1.1,8.41,4,1,0,5,13,12227,3056.75,1715,4178,2145,4.172413793,5.8,3.21875,4.76,0,0,1,0,0,0,1,0,0,0,8626,225,863,4425,4.63,4.59,4.8,4.64,5443,143,572,3.621072371,3.331629718,3.935859798,2.354108439,2.936513742,3.64601141,3.735918117,2.158362492,2.758154622
stuff,10,1.75,7.074,1.35,7.724,4,1,1,5,4,4832,1208,941,15653,5429,4.655172414,3.6,3.033333333,5,0,0,1,0,0,0,1,0,0,0,49420,1080,6046,7227,5.39,5.26,5.65,4.86,19787,631,2490,4.194625329,3.73479983,4.693911529,3.033825694,3.781539969,3.859018144,4.296401902,2.800717078,3.396373728
swan,10,1.4,8.305,1.55,7.349,4,1,0,4,10,4343,1447.667,753,348,107,6.310344828,6.3,3.258064516,6.31763,0,0,1,0,0,0,1,0,0,0,1940,80,159,1086,3.98,4.14,4.07,4.03,918,22,70,2.542825427,2.033423755,3.288025535,1.908485019,2.204119983,3.036229544,2.963315511,1.361727836,1.851258349
sweat,6,1.7,7.867,1.55,8.537,4,1,0,5,3,6676,1669,931,1115,863,5.620689655,5.8,3.28125,7.26,0,0,1,0,0,0,1,0,0,0,2339,48,332,1355,4.06,3.92,4.39,4.13,1715,23,204,3.047664195,2.936513742,3.369215857,1.69019608,2.522444234,3.13225969,3.234517284,1.380211242,2.311753861
swell,8,1.6,8.452,1.4,8.488,4,1,1,5,5,4031,1007.75,545,1061,570,4.655172414,3.9,4.266666667,7.42,0,0,1,0,0,0,1,0,0,0,840,21,63,588,3.62,3.57,3.67,3.77,647,18,54,3.026124517,2.756636108,2.924795996,1.342422681,1.806179974,2.770115295,2.811575006,1.278753601,1.740362689
swim,11,1.7,8.072,1.5,7.544,4,1,1,4,6,1550,516.667,396,1622,844,6.448275862,5.6,2.586206897,4.17,0,0,1,0,0,0,1,0,0,0,5244,604,1042,1462,4.42,5.01,4.88,4.16,2552,289,424,3.21031852,2.926856709,3.719745493,2.781755375,3.018284308,3.165244326,3.407050815,2.462397998,2.62838893
taste,18,1.6,7.944,1,8.489,4,1,0,5,6,11289,2822.25,2087,2617,1825,4.379310345,4,2.677419355,4.26,0,0,0,0,0,0,1,0,0,0,17833,856,1643,4152,4.95,5.16,5.08,4.62,7812,409,759,3.417969642,3.261500773,4.251248762,2.932980822,3.215901813,3.618361931,3.892817824,2.612783857,2.880813592
test,18,1.25,8.572,1,8.699,4,1,1,4,13,12449,4149.667,1575,4288,2095,5.068965517,5.3,3.4,6.26,0,0,0,0,0,0,1,0,0,0,22923,563,3057,13701,5.06,4.98,5.35,5.13,11227,269,1256,3.632356046,3.321391278,4.3602904,2.751279104,3.485437481,4.136783963,4.050302404,2.431363764,3.099335278
thaw,9,1.75,8.962,1.4,9.042,2,1,0,4,4,2694,898,733,81,59,3.517241379,3.3,4.677419355,8.11,0,0,1,0,0,0,0,0,0,0,375,2,15,240,3.27,2.71,3.07,3.38,320,2,13,1.913813852,1.77815125,2.575187845,0.477121255,1.204119983,2.382017043,2.506505032,0.477121255,1.146128036
thump,10,1.8,6.951,1.5,7.334,4,1,1,5,3,3121,780.25,631,99,55,4.793103448,3.7,3.8125,7.63,0,0,1,0,0,0,0,0,0,0,343,53,24,265,3.23,3.96,3.26,3.42,260,28,22,2,1.748188027,2.536558443,1.73239376,1.397940009,2.424881637,2.416640507,1.462397998,1.361727836
train,11,1.55,8.063,1.05,8.934,4,1,1,5,6,12612,3153,2034,4848,1760,6.344827586,6.3,2.709677419,4,0,0,0,0,0,0,1,0,0,0,19163,2479,803,8096,4.98,5.63,4.77,4.91,7879,613,456,3.685652184,3.245759356,4.282486162,3.394451681,2.905256049,3.908324139,3.896526217,2.788168371,2.6599162
truth,4,1.9,7.287,1.7,7.798,4,1,0,5,0,4617,1154.25,1148,9801,4193,2.931034483,NA,NA,4.42,0,0,0,0,0,0,1,0,0,0,16373,103,1104,8250,4.91,4.25,4.91,4.91,9185,68,690,3.991314698,3.622628426,4.214154786,2.017033339,3.043362278,3.916506587,3.963126441,1.838849091,2.839478047
want,10,1.3,8.511,1.55,8.503,4,1,0,4,12,7165,2388.333,1437,140718,8305,3.379310345,2.4,2.375,4.16,1,0,0,0,0,0,0,0,1,0,337934,8922,25814,57547,6.22,6.18,6.28,5.76,40033,3125,4290,5.14835274,3.919391927,5.528833174,3.950510893,4.411872129,4.760030235,4.602428985,3.494988974,3.632558515
wasp,1,1.65,8.439,1.95,7.845,4,1,0,4,5,2945,981.667,899,73,43,5.931034483,6.5,3.838709677,5.58,1,0,0,0,0,0,0,0,1,0,571,29,189,258,3.45,3.71,4.14,3.41,264,9,57,1.86923172,1.643452676,2.757396029,1.477121255,2.278753601,2.413299764,2.423245874,1,1.763427994
wealth,6,1.95,7.962,1.6,8.5,4,1,0,6,1,7057,1411.4,1355,324,241,4.827586207,4.3,4.451612903,8.76,1,0,0,0,0,0,0,0,1,0,4297,1,41,3832,4.33,2.53,3.49,4.58,2780,1,36,2.511883361,2.383815366,3.633266411,0.301029996,1.62324929,3.583538819,3.444200989,0.301029996,1.568201724
weave,14,1.75,7.989,1.2,8.742,3,1,1,5,3,4583,1145.75,1318,105,96,5.103448276,5.1,4.580645161,9.89,1,0,0,0,0,0,0,0,1,0,807,172,104,330,3.6,4.47,3.89,3.52,605,150,45,2.025305865,1.986771734,2.907411361,2.238046103,2.021189299,2.519827994,2.782472624,2.178976947,1.662757832
went,20,1.2,8.599,1.1,9.03,4,1,1,4,15,7318,2439.333,1146,20987,6677,2.482758621,1.6,2.96875,3.37,1,0,0,0,0,0,0,0,1,0,96802,2126,4407,48338,5.68,5.56,5.51,5.68,29378,1205,2276,4.321971056,3.824646415,4.985888817,3.32776749,3.644241586,4.684297662,4.468037009,3.081347308,3.357363031
whisk,1,1.95,8.051,1.85,7.091,5,1,1,5,0,4303,1075.75,754,29,29,5.689655172,3.9,5.193548387,8.72,1,0,0,0,0,0,0,0,1,0,1340,183,72,225,3.82,4.5,3.73,3.35,677,47,58,1.477121255,1.477121255,3.127428778,2.264817823,1.86332286,2.354108439,2.831229694,1.681241237,1.770852012
wide,32,1.25,8.448,1,8.557,3,1,1,4,13,3915,1305,775,1214,982,4.137931034,4.1,3.65625,5.84,1,0,0,0,0,0,0,0,1,0,10770,469,539,12131,4.73,4.9,4.6,5.08,7229,342,416,3.084576278,2.992553518,4.032256026,2.672097858,2.73239376,4.083932402,3.859138297,2.53529412,2.620136055
width,1,1.9,8.103,1.75,8.774,4,2,1,5,0,2653,663.25,701,35,32,3.586206897,3.4,4.387096774,8.78,1,0,0,0,0,0,0,0,1,0,841,6,101,1153,3.62,3.08,3.87,4.06,646,5,34,1.556302501,1.51851394,2.925312091,0.84509804,2.008600172,3.062205809,2.810904281,0.77815125,1.544068044
wife,13,1.55,8.543,1.5,8.902,3,1,1,4,9,1542,514,465,17795,4811,5.482758621,5.7,3.35483871,5.67,1,0,0,0,0,0,0,0,1,0,28183,90,477,17106,5.15,4.19,4.54,5.23,12292,43,281,4.250322397,3.682325619,4.45000263,1.959041392,2.679427897,4.233173855,4.089657882,1.643452676,2.450249108
will,30,1,8.416,1,8.504,3,1,1,4,16,3517,1172.333,1137,108306,8129,2.724137931,2.6,2.8,7.53,1,0,0,0,0,0,0,0,1,0,717082,12246,44458,254566,6.55,6.32,6.51,6.4,42171,3394,4471,5.034656526,3.910090546,5.855569427,4.088029718,4.64795969,5.405802105,4.625024198,3.530839779,3.650501795
with,13,1.7,8.533,1.45,8.87,3,1,0,4,3,3968,1322.667,734,257465,8351,2.206896552,1.6,2.5625,4.441998,1,0,0,0,0,0,0,0,1,0,1141430,26244,69662,652050,6.75,6.65,6.71,6.81,43756,4328,4681,5.410719886,3.921790486,6.057449663,4.419046577,4.843002173,5.814281565,4.641047539,3.636387586,3.670431409
wolf,1,1.9,8.759,1.85,8.218,4,1,0,4,2,1737,579,691,1034,376,6.379310345,6.7,2.90625,4.5,1,0,0,0,0,0,0,0,1,0,2949,322,714,845,4.17,4.74,4.72,3.92,1104,53,194,3.01494035,2.57634135,3.469822016,2.509202522,2.854306042,2.927370363,3.043362278,1.73239376,2.290034611
worm,10,1.45,8.861,1.45,9.161,3,1,0,4,9,3675,1225,1103,516,271,6.24137931,6.6,2.709677419,3.89,1,0,0,0,0,0,0,0,1,0,1382,280,317,595,3.84,4.68,4.37,3.77,721,104,161,2.713490543,2.434568904,3.14082218,2.44870632,2.50242712,2.77524626,2.858537198,2.021189299,2.209515015
worse,11,1.7,8.199,1.3,9.042,3,1,0,5,4,6592,1648,1501,5002,3252,1.965517241,2.4,3.8125,2.79,1,0,0,0,0,0,0,0,1,0,19988,166,1408,7237,5,4.45,5.01,4.86,12433,140,1029,3.699230503,3.512284063,4.300791068,2.222716471,3.148910993,3.859618579,4.094610863,2.149219113,3.012837225
yawn,15,1.65,7.979,1.3,7.812,3,1,0,4,7,505,168.333,156,51,40,6.413793103,5.2,3.09375,5.3,0,0,0,1,0,0,0,1,0,0,362,120,62,173,3.26,4.31,3.66,3.24,228,51,49,1.716003344,1.612783857,2.559906625,2.08278537,1.799340549,2.240549248,2.359835482,1.716003344,1.698970004
yet,16,1.25,9.08,1.25,10.06,3,1,1,3,13,1536,768,405,17428,6403,1.793103448,1.8,3.5625,6.95705,0,0,0,1,0,0,0,1,0,0,52168,1459,3682,33752,5.41,5.4,5.43,5.53,25019,1043,2208,4.24127247,3.806451323,4.717412512,3.164352856,3.566201719,4.528312379,4.398287305,3.018700499,3.344195716